{
  "accuracy": 0.9456521739130435,
  "precision": 0.9489966555183946,
  "recall": 0.9456521739130435,
  "f1_score": 0.9458162428219852,
  "cv_accuracy_mean": 0.8322815533980583,
  "cv_accuracy_std": 0.030162756807837112,
  "feature_dimensions": 8799,
  "selected_features": 3000,
  "balanced_samples": 611,
  "algorithms_used": [
    "XGBoost",
    "RandomForest",
    "GradientBoosting"
  ]
}